Gas Station Location,Gas Station Name,Gas Station Address,Gas Station Latitude,Gas Station Longitude
1,EastMount,"386 Upper Gage Ave, Hamilton, ON L8V 4H9, Canada",43.23467,-79.83651
2,Eastgate,"75 Centennial Pkwy N E5, Hamilton, ON L8E 2P2, Canada",43.2307,-79.76393
3,Central,"80 Park St N, Hamilton, ON L8R 2M9, Canada",43.26026,-79.87058
4,Chedoke,"16 McMaster Ave, Dundas, ON L9H 0A8, Canada",43.2618488,-79.9370573
5,Mountain View,"985 Scenic Dr, Hamilton, ON L9C 1H7, Canada",43.24491,-79.92185
6,Oakville,"503 Plains Rd E, Burlington, ON L7T 2E2, Canada",43.31916,-79.83634
7,Circle,"1170 Upper James St, Hamilton, ON L9C 3B1, Canada",43.216968,-79.894023
8,Chappel,"1530 Upper Sherman Ave, Hamilton, ON L8W 1C5, Canada",38.8759552,-77.0244608
